id_ingrediente,status_aprovacao_ue,classificacao_original_1272,risco_aquatico,risco_agudo_humano,risco_cancer_mutacao,risco_reprodutivo,cluster_ia
561,"Not approved","Acute Tox. 4 - H302; Aquatic Chronic 2 - H411; Lact. - H362; Repr. 1B - H360",1,1,0,1,2
81,"Not approved","Acute Tox. 3 - H301; Acute Tox. 3 - H311; Acute Tox. 3 - H331; Aquatic Acute 1 - H400; Aquatic Chronic 1 - H410; STOT RE 1 - H372",1,1,0,0,1
390,"Not approved","Acute Tox. 4 - H302; Aquatic Acute 1 - H400",1,1,0,0,1
479,"Not approved","Acute Tox. 4 - H302; Aquatic Acute 1 - H400; Aquatic Chronic 1 - H410; STOT RE 2 - H373; Skin Sens. 1 - H317",1,1,0,0,1
175,"Not approved",0,0,0,0,0,0
387,"Not approved",0,0,0,0,0,0
87,"Not approved",0,0,0,0,0,0
364,"Not approved",0,0,0,0,0,0
580,"Not approved",0,0,0,0,0,0
254,"Not approved",0,0,0,0,0,0
274,"Not approved",0,0,0,0,0,0
339,"Not approved",0,0,0,0,0,0
526,"Not approved",0,0,0,0,0,0
548,"Not approved",0,0,0,0,0,0
561,"Not approved","Acute Tox. 4 - H302; Aquatic Chronic 2 - H411; Lact. - H362; Repr. 1B - H360",1,1,0,1,2
81,"Not approved","Acute Tox. 3 - H301; Acute Tox. 3 - H311; Acute Tox. 3 - H331; Aquatic Acute 1 - H400; Aquatic Chronic 1 - H410; STOT RE 1 - H372",1,1,0,0,1
390,"Not approved","Acute Tox. 4 - H302; Aquatic Acute 1 - H400",1,1,0,0,1
479,"Not approved","Acute Tox. 4 - H302; Aquatic Acute 1 - H400; Aquatic Chronic 1 - H410; STOT RE 2 - H373; Skin Sens. 1 - H317",1,1,0,0,1
175,"Not approved",0,0,0,0,0,0
387,"Not approved",0,0,0,0,0,0
87,"Not approved",0,0,0,0,0,0
364,"Not approved",0,0,0,0,0,0
580,"Not approved",0,0,0,0,0,0
254,"Not approved",0,0,0,0,0,0
274,"Not approved",0,0,0,0,0,0
339,"Not approved",0,0,0,0,0,0
526,"Not approved",0,0,0,0,0,0
548,"Not approved",0,0,0,0,0,0
