id_ingrediente,nome_ingrediente
198,"(E,Z)-DODECA-7,9-DIENYL ACETATE (FEROMÔNIO) (2.55 G/KG)"
484,"(E)-8-DODECENOL (ÁLCOOL INSATURADO) (.04 G/KG) + ACETATO DE (E)-8-DODECENILA (ACETATO INSATURADO) (4.5 G/KG)"
347,"(E)-8-DODECENOL (ÁLCOOL INSATURADO) (.99 MG/MG) + ACETATO DE (E)-8-DODECENILA (ACETATO INSATURADO) (0 MG/MG)"
350,"(Z)- 11- HEXADECENAL (ALDEÍDO) (.00098 G/KG) + ACETATO DE (Z)-9-DODECENILA (ACETATO INSATURADO) (.00025 G/KG) + ACETATO DE (Z)-9-TETRADECENILA (ACETATO INSATURADO) (.004 G/KG)"
197,"(Z)- 11- HEXADECENAL (ALDEÍDO) (1.49 G/KG)"
462,"(Z)- 11- HEXADECENAL (ALDEÍDO) (2.91 G/KG) + (Z)-9-HEXADECENAL (ALDEÍDO) (.09 G/KG)"
485,"(Z)- 11- HEXADECENAL (ALDEÍDO) (7.14 G/KG) + (Z)-7-HEXADECENAL (ALDEÍDO) (.04 G/KG) + (Z)-9-HEXADECENAL (ALDEÍDO) (.18 G/KG)"
204,"(Z)-9,13-TETRADECADIENAL (ALDEÍDO) (.86 G/KG)"
380,"(Z)-TRICOS-9-ENE (HIDROCARBONETO) (240 G/L)"
33,"1-AMINOCYCLOPROPANE-1-CARBOXYLIC ACID"
3,"1,4 DIMETILNAFTALENO"
545,"2,3,5 ÁCIDO TRIIODOBENZÓICO"
4,"2,4-D"
7,"2,4-D AMINA"
124,"2,4-D SAL DE COLINA"
6,"2,4-D-DIMETILAMINA"
5,"2,4-D-TRIETANOLAMINA"
8,"2,4-D-TRIISOPROPANOLAMINA"
338,"2,4-D, SAL DE DIETANOLAMINA"
585,"2,4-D, SAL DE MONOMETILAMINA"
189,"5,9-DIMETILPENTADECANO"
281,6-BENZILAMINOPURINA
24,ABAMECTINA
12,ACEFATO
30,ACETAMIPRIDO
191,"ACETATO DE"
384,ACETOCLORO
51,ACIBENZOLAR-S-METÍLICO
286,"ÁCIDO 4-INDOL-3-ILBUTÍRICO"
403,"ÁCIDO ABSCÍSICO"
342,"ÁCIDO GIBERÉLICO"
391,"ÁCIDO INDOLACÉTICO"
522,"ÁCIDO NONANÓICO"
476,"ÁCIDO TÂNICO"
584,ACIFLUORFEM-SÓDICO
519,ACRINATRINA
581,AFIDOPIROPENO
79,ALACLORO
83,ALFA-CIPERMETRINA
259,"ALLIUM SATIVUM"
94,"AMBLYSEIUS TAMATAVENSIS"
560,AMETOCTRADINA
95,AMETRINA
97,AMICARBAZONA
412,AMINOCICLOPIRACLOR
273,AMINOPIRALIDE
479,AMITRAZ
420,"ARGEMONE MEXICANA, EXTRATO DE"
339,ASULAM
40,ATRAZINA
317,"AUTOGRAPHA CALIFORNICA MULTIPLE NUCLEOPOLYHEDROVIRUS"
521,"AZADIRACTI NA A"
72,AZADIRACTINA
378,AZIMSULFUROM
45,AZOXISTROBINA
93,"BACILLUS AMYLOLIQUEFACIENS"
321,"BACILLUS AMYLOLIQUEFACIENS , CEPA BA30"
129,"BACILLUS AMYLOLIQUEFACIENS , ISOLADO IMA 412"
553,"BACILLUS AMYLOLIQUEFACIENS BAC076"
552,"BACILLUS AMYLOLIQUEFACIENS BAC105"
156,"BACILLUS AMYLOLIQUEFACIENS CCT8135"
141,"BACILLUS AMYLOLIQUEFACIENS CEPA CN-307"
288,"BACILLUS AMYLOLIQUEFACIENS CEPA ENV503"
151,"BACILLUS AMYLOLIQUEFACIENS ISOLADO BV03"
190,"BACILLUS AMYLOLIQUEFACIENS, CEPA CCT 7995"
534,"BACILLUS AMYLOLIQUEFACIENS, CEPA CL3"
557,"BACILLUS AMYLOLIQUEFACIENS, CEPA FZB24"
62,"BACILLUS AMYLOLIQUEFACIENS, CEPA GNC005A"
147,"BACILLUS AMYLOLIQUEFACIENS, CEPA PTA-4838"
456,"BACILLUS AMYLOLIQUEFACIENS, ISOLADO CBMAI 2356"
253,"BACILLUS AMYLOLIQUEFACIENS, ISOLADO CCT 7901"
454,"BACILLUS AMYLOLIQUEFACIENS, ISOLADO CCT 8104"
224,"BACILLUS AMYLOLIQUEFACIENS, ISOLADO CNPSO3202"
99,"BACILLUS AMYLOLIQUEFACIENS, ISOLADO IMA 411"
174,"BACILLUS AMYLOLIQUEFACIENS, ISOLADO SVG 00027-B"
571,"BACILLUS AMYLOLIQUEFACIENS, ISOLADO SVG-0036-B"
579,"BACILLUS AMYLOLIQUEFACIENS, ISOLADO UMAF6614"
207,"BACILLUS ARYABHATTAI, ISOLADO CBMAI1120"
163,"BACILLUS CIRCULANS, ISOLADO CCT0026"
101,"BACILLUS FIRMUS"
166,"BACILLUS FIRMUS CCT0227"
296,"BACILLUS INAQUOSORUM ISOLADO CBMAI 2783"
63,"BACILLUS LICHENIFORMIS"
512,"BACILLUS LICHENIFORMIS , CEPA GNC004A"
587,"BACILLUS LICHENIFORMIS BAC112"
455,"BACILLUS LICHENIFORMIS CEPA COPIHUE"
194,"BACILLUS LICHENIFORMIS CEPA S2903"
365,"BACILLUS LICHENIFORMIS, CBMAI 2639"
495,"BACILLUS LICHENIFORMIS, CEPA ATCC 12713"
492,"BACILLUS LICHENIFORMIS, LINHAGEM FMCH001"
539,"BACILLUS METHYLOTROPHICUS"
468,"BACILLUS METHYLOTROPHICUS, ISOLADO UFPEDA20*"
461,"BACILLUS PARALICHENIFORMIS, ISOLADO CH0273"
511,"BACILLUS PUMILUS"
555,"BACILLUS PUMILUS BAC114"
538,"BACILLUS PUMILUS CEPA S2907"
359,"BACILLUS PUMILUS, CEPA DC61"
228,"BACILLUS PUMILUS, ISOLADO CCT8005"
159,"BACILLUS PUMILUS, ISOLADO CNPSO 3203"
102,"BACILLUS SUBTILIS"
121,"BACILLUS SUBTILIS , CEPA BS34"
577,"BACILLUS SUBTILIS BAC004"
554,"BACILLUS SUBTILIS BAC059"
498,"BACILLUS SUBTILIS CEPA RTI477"
481,"BACILLUS SUBTILIS ESALQ-EPD2-5"
530,"BACILLUS SUBTILIS LINHAGEM QST 713"
500,"BACILLUS SUBTILIS, CEPA ATCC 6051"
226,"BACILLUS SUBTILIS, CEPA CCT 0480"
549,"BACILLUS SUBTILIS, CEPA CCT 1331"
446,"BACILLUS SUBTILIS, CEPA IAB/BS03"
167,"BACILLUS SUBTILIS, ISOLADO CBMAI1680 E CNPSO 2657"
540,"BACILLUS SUBTILIS, ISOLADO CCT 7993"
158,"BACILLUS SUBTILIS, ISOLADO CCTB04"
514,"BACILLUS SUBTILIS, ISOLADO UFPEDA764*"
497,"BACILLUS SUBTILIS, ORN 160"
26,"BACILLUS THURINGIENSIS"
397,"BACILLUS THURINGIENSIS BAC092"
215,"BACILLUS THURINGIENSIS CCT8018"
171,"BACILLUS THURINGIENSIS CEPA ANEMOPHILA"
184,"BACILLUS THURINGIENSIS CEPA N1"
148,"BACILLUS THURINGIENSIS CEPA RTI545"
463,"BACILLUS THURINGIENSIS HD-1"
396,"BACILLUS THURINGIENSIS SUBSP. KURSTAKI"
524,"BACILLUS THURINGIENSIS VAR. KURSTAKI ISOLADO HD-1"
36,"BACILLUS THURINGIENSIS VAR. KURSTAKI, ISOLADO HD-1"
37,"BACILLUS THURINGIENSIS, CEPA CCT 8217"
225,"BACILLUS THURINGIENSIS, CPQBA 040-11 DRM 11"
248,"BACILLUS THURINGIENSIS, ISOLADO CBMAI 1398"
161,"BACILLUS THURINGIENSIS, ISOLADO CNPSO3915"
316,"BACILLUS THURINGIENSIS, ISOLADO S 234"
160,"BACILLUS THURINGIENSIS, ISOLADOS CCTB22 E CCTB25"
162,"BACILLUS THURINGIENSIS, ISOLADOS CCTB22, CCTB23 E CCTB25"
423,"BACILLUS VELENSIS IBSBF 3238"
328,"BACILLUS VELEZENSIS"
206,"BACILLUS VELEZENSIS BV02"
210,"BACILLUS VELEZENSIS BV09"
509,"BACILLUS VELEZENSIS CEPA CBMAI 1301"
60,"BACILLUS VELEZENSIS CEPA CBMAI 1304"
361,"BACILLUS VELEZENSIS CEPA LABIM 40"
323,"BACILLUS VELEZENSIS MBI600"
532,"BACILLUS VELEZENSIS, CEPA CCT8043/ASN09"
459,"BACILLUS VELEZENSIS, ESTIRPE FZB42"
186,"BACILLUS VELEZENSIS, ISOLADO CCT 7944"
128,"BACILLUS VELEZENSIS, ISOLADO CCTB09"
431,"BACILLUS VELEZENSIS, ISOLADO CECT8237"
127,"BACILLUS VELEZENSIS, ISOLADO CNPSO 3602"
170,"BACULOVIRUS ANTICARSIA"
275,"BACULOVIRUS CHRYSODEIXIS INCLUDENS"
388,"BACULOVIRUS CONDYLORRHIZA VESTIGIALIS"
582,"BACULOVIRUS ERINNYIS ELLO"
386,"BACULOVIRUS HELICOVERPA ARMIGERA"
329,"BACULOVIRUS SPODOPTERA FRUGIPERDA"
152,"BEAUVERIA BASSIANA"
322,"BEAUVERIA BASSIANA ASN 053"
251,"BEAUVERIA BASSIANA BVF15"
16,"BEAUVERIA BASSIANA, CEPA ANT-03"
268,"BEAUVERIA BASSIANA, ISOLADO BALL 6-2"
144,"BEAUVERIA BASSIANA, ISOLADO CBMAI 1306"
576,"BEAUVERIA BASSIANA, ISOLADO CBMAI 2359"
541,"BEAUVERIA BASSIANA, ISOLADO CG 1420"
471,"BEAUVERIA BASSIANA, ISOLADO ESALQ 1432"
15,"BEAUVERIA BASSIANA, ISOLADO IBCB 66*"
366,BENALAXIL
427,BENFURACARBE
55,BENTAZONA
289,"BENTIAVALICARBE ISOPROPÍLICO"
34,BENZILADENINA
41,"BENZOATO DE EMAMECTINA"
80,BENZOVINDIFLUPYR
249,BETA-CIFLUTRINA
77,BETA-CIPERMETRINA
414,"BICARBONATO DE POTÁSSIO"
299,BICICLOPIRONA
35,BIFENTRINA
234,BISPIRIBAQUE-SÓDICO
382,BISTRIFLUROM
360,BIXAFEM
150,BIXLOZONA
238,BOSCALIDA
421,BROMACILA
246,"BROMETO DE METILA"
290,BROMUCONAZOL
110,BUPROFEZINA
241,"BURKHOLDERIA RINOJENSIS CEPA A396"
520,CADUSAFÓS
252,CAPTANA
531,CARBARIL
570,"CARBONATO DE COBRE"
434,CARBOSSULFANO
583,CARBOXINA
58,CARFENTRAZONA-ETÍLICA
417,CASUGAMICINA
266,"CATOLACCUS GRANDIS"
516,CEREVISANE
301,"CHROMOBACTERIUM SUBTSUGAE- CEPA ASN04/CCT 7912"
213,"CHRYSODEIXIS INCLUDENS NUCLEOPOLYHEDROVIRUS"
300,"CHRYSOPERLA EXTERNA"
284,CIALOFOPE-BUTÍLICO
276,CIANAMIDA
183,CIANTRANILIPROLE
381,CIAZOFAMIDA
352,CICLANILIDA
375,CICLANILIPROLE
469,CICLOBUTRIFLURAM
407,CICLOSSULFAMUROM
29,CIMOXANIL
575,CINAMALDEIDO
528,CINETINA
155,"CINNAMOMUM VERUM"
86,CIPERMETRINA
92,CIPROCONAZOL
336,CIPRODINIL
569,CIROMAZINA
65,CLETODIM
280,CLODINAFOPE-PROPARGIL
11,CLOMAZONA
415,"CLONOSTACHYS ROSEA, CEPA CPQBA 040-11 DRM 07"
473,CLORANSULAM-METÍLICO
91,CLORANTRANILIPROLE
344,"CLORETO DE BENZALCÔNIO"
573,"CLORETO DE CLORMEQUATE"
109,"CLORETO DE MEPIQUATE"
56,CLORFENAPIR
131,CLORFLUAZUROM
510,"CLORIDRATO DE AVIGLICINA"
263,"CLORIDRATO DE CARTAPE"
314,"CLORIDRATO DE FORMETANATO"
493,"CLORIDRATO DE PROPAMOCARBE"
18,CLORIMUROM-ETÍLICO
28,CLOROTALONIL
73,CLORPIRIFÓS
393,CLOTIANIDINA
212,CODLELURE
398,"CORDYCEPS JAVANICA, CBMAI 2831"
409,"CORDYCEPS JAVANICA, CEPA CCT 5818"
422,"CORDYCEPS JAVANICA, ISOLADO BRM 27666"
211,"CORDYCEPS JAVANICA, ISOLADO ESALQ 3428"
70,"COTESIA FLAVIPES"
117,CRESOXIM-METÍLICO
277,CROMAFENOZIDA
302,"CRYPTOLAEMUS MONTROUZIERI"
432,"CYDIA POMONELLA GRANULOVIRUS"
466,CYFLUMETOFEN
178,DAZOMETE
518,DECANOL
458,"DELADENUS SIRICIDICOLA"
295,DELTAMETRINA
219,"DIACHASMIMORPHA LONGICAUDATA"
59,DIAFENTIUROM
10,"DIBROMETO DE DIQUATE"
132,DICAMBA
240,DICLORANA
244,DICLOSULAM
483,DIETHOLATE
75,DIFENOCONAZOL
137,DIFLUBENZUROM
293,DIFLUFENICAM
68,DIMETOATO
43,DIMETOMORFE
327,DIMPROPIRIDAZ
315,DINOTEFURAM
236,DIQUATE
311,DITIANONA
27,DIUROM
318,DODINA
199,E-11-HEXADECENOL
74,ENXOFRE
25,EPOXICONAZOL
428,ESFENVALERATO
312,ESPINETORAM
82,ESPINOSADE
243,ESPIRODICLOFENO
465,ESPIROMESIFENO
330,ESPIROPIDION
192,ETANOL
54,ETEFOM
115,ETIPROLE
320,ETOFENPROXI
239,ETOXAZOL
371,ETOXISSULFUROM
193,EUGENOL-METILICO
164,"EXTRATO DE MANJERICÃO"
217,"EXTRATO DE OCIMUM GRATÍSSIMUM"
370,"EXTRATO DE PONGAMIA GLABRA"
264,"EXTRATO DE THYMUS VULGARIS"
470,"EXTRATO HIDROALCÓOLICO DE AZADIRACHTA INDICA"
377,FAMOXADONA
269,FENAMIDONA
551,FENITROTIONA
489,FENOXAPROPE-P-ETÍLICO
362,FENPIROXIMATO
307,FENPROPATRINA
527,FENPROPIDINA
379,FENPROPIMORFE
81,FIPRONIL
383,FLAZASULFUROM
181,FLONICAMIDA
368,FLORPIRAUXIFEN-BENZIL
588,FLORYLPICOXAMIDA
333,FLUAZAINDOLIZINE
358,FLUAZIFOPE-P-BUTÍLICO
61,FLUAZINAM
182,FLUBENDIAMIDA
111,FLUDIOXONIL
149,FLUENSULFONA
265,FLUFENOXUROM
354,FLUINDAPYR
313,FLUMETRALINA
526,FLUMETSULAM
503,FLUMICLORAQUE-PENTÍLICO
245,FLUMIOXAZINA
402,FLUOPICOLIDE
140,FLUOPYRAM
586,FLUOXAPIPROLIM
542,FLUOXASTROBINA
536,FLUPIRADIFURONA
133,FLUQUINCONAZOL
9,FLUROXIPIR-MEPTÍLICO
389,FLUTOLANIL
175,FLUTRIAFOL
143,FLUXAPIROXADE
195,FOLCISTEÍNA
357,FOLPETE
261,FOMESAFEM
335,FORAMSULFUROM
85,FOSETIL
408,"FOSFATO FÉRRICO"
267,"FOSFETO DE ALUMÍNIO"
346,"FOSFETO DE MAGNÉSIO"
326,FOSFINA
401,FOSMETE
278,FOSTIAZATO
460,GAMA-CIALOTRINA
506,GERANIOL
173,GLIFOSATO
373,"GLIFOSATO SAL DE DIMETILAMINA"
114,"GLIFOSATO-SAL DE AMÔNIO"
310,"GLIFOSATO-SAL DE DI-AMÔNIO"
154,"GLIFOSATO-SAL DE ISOPROPILAMINA"
372,"GLIFOSATO-SAL DE POTÁSSIO"
142,"GLUFOSINATO - SAL DE AMÔNIO"
349,GOSSIPLURE
348,GRANDLURE
242,"HABROBRACON HEBETOR"
331,HALAUXIFEN-METIL
529,HALOSSULFUROM-METÍLICO
306,HALOXIFOPE-P-METÍLICO
1,"HETERORHABDITIS BACTERIOPHORA"
172,HEXAZINONA
525,HEXITIAZOXI
343,"HIDRAZIDA MALÊICA"
76,"HIDRÓXIDO DE COBRE"
439,"HIDRÓXIDO DE FENTINA"
392,"HIRSUTELLA THOMPSONII, CEPA 4466"
450,"HIRSUTELLA THOMPSONII, CEPA CCT 7765"
309,IMAZALIL
504,IMAZAMOXI
98,IMAZAPIQUE
235,IMAZAPIR
400,IMAZAQUIM
88,IMAZETAPIR
433,IMIBENCONAZOL
19,IMIDACLOPRIDO
337,IMPIRFLUXAM
87,INDAZIFLAM
119,INDOXACARBE
395,IODOSSULFUROM-METÍLICO-SÓDICO
13,IPCONAZOL
445,IPFLUFENOQUINA
139,IPRODIONA
185,"ISARIA FUMOSOROSEA"
558,"ISARIA FUMOSOROSEA FUNG 14"
410,"ISARIA JAVANICA, ISOLADO BV14"
135,ISOCICLOSERAM
419,ISOFETAMIDA
507,ISOPIRAZAM
52,ISOXAFLUTOL
39,LACTOFEM
48,LAMBDA-CIALOTRINA
574,LAMINARINA
496,"LARREA TRIDENTATA, EXTRATO DE"
57,LINUROM
17,LUFENUROM
107,MALATIONA
255,MANCOZEBE
578,MANDESTROBINA
262,MANDIPROPAMID
69,MCPA
180,MEFENTRIFLUCONAZOL
165,"MELALEUCA ALTERNIFOLIA, EXTRATO DE FOLHAS"
120,MESOTRIONA
580,METAFLUMIZONE
250,METAM-SÓDICO
548,METAMIFOP
376,METAMITRONA
413,"METARHIZIUM ANISOPLIAE"
441,"METARHIZIUM ANISOPLIAE BV12"
443,"METARHIZIUM ANISOPLIAE, CEPA CCT8094"
103,"METARHIZIUM ANISOPLIAE, ISOLADO IBCB 425*"
464,"METARHIZIUM RILEYI ESTIRPE PHP1705"
334,"METARHIZIUM RILEYI, CEPA CCT7771"
260,METCONAZOL
105,METILCICLOPROPENO
254,METIRAM
130,METOMIL
364,METOMINOSTROBIN
122,METOXIFENOZIDA
294,METRIBUZIM
89,METSULFUROM-METÍLICO
453,MICLOBUTANIL
447,MILBEMECTINA
100,MSMA
444,N-2'S-METILBUTIL-2-METILBUTILAMIDA
271,NATAMICINA
449,"NEOCHRYSOCHARIS FORMOSA"
176,"NEOSEIULUS BARKERI"
256,"NEOSEIULUS CALIFORNICUS"
399,"NEOSEIULUS IDAEUS"
21,NICOSSULFUROM
367,NOVALUROM
351,"OCTANOATO DE IOXINILA"
559,"ÓLEO DE THYMUS VULGARIS"
64,"ÓLEO MINERAL"
71,"ÓLEO VEGETAL"
168,"OOENCYRTUS SUBMETALLICUS"
406,"ORIUS INSIDIOSUS"
418,ORTOSSULFAMUROM
517,OXADIAZONA
430,OXATIAPIPROLIM
67,"OXICLORETO DE COBRE"
287,"ÓXIDO CUPROSO"
345,"ÓXIDO DE FEMBUTATINA"
237,OXIFLUORFEM
472,OXYMATRINE
303,PACLOBUTRAZOL
112,"PAECILOMYCES FUMOSOROSEUS"
136,"PAECILOMYCES LILACINUS"
374,"PAECILOMYCES LILACINUS CCT 8068"
457,"PAECILOMYCES LILACINUS CEPA URM 7661"
394,"PAECILOMYCES LILACINUS, ISOLADO UEL PAE 10*"
227,"PALMISTICHUS ELAEISIS"
282,"PASTEURIA NISHIZAWAE"
451,PENCICUROM
480,PENDIMETALINA
505,PENOXSULAM
452,"PEPTIDEO DERIVADO DE PROTEÍNA HARPIN"
429,"PEPTÍDEO FLG22-BT"
411,PERMETRINA
572,"PHTHORIMAEA OPERCULELLA GRANULOVIRUS"
66,"PHYTOSEIULUS MACROPILIS"
247,PICLORAM
179,PICLORAM-TRIETANOLAMINA
474,PICLORAM-TRIISOPROPANOLAMINA
31,PICOXISTROBINA
53,PIDIFLUMETOFEN
113,PIMETROZINA
90,PINOXADEM
44,PIRACLOSTROBINA
325,PIRAFLUFEM
535,PIRAZOSSULFUROM-ETÍLICO
523,PIRIDABEM
50,PIRIMETANIL
47,PIRIMIFÓS-METÍLICO
146,PIRIOFENONE
118,PIRIPROXIFEM
544,PIRITIOBAQUE-SÓDICO
341,PIROXASSULFONA
562,PIROXSULAM
487,"PLUTELLA XYLOSTELLA GRANULOVIRUS"
501,"POCHONIA CHLAMYDOSPORIA"
200,"POCHONIA CHLAMYDOSPORIA CCT 8030"
515,"POCHONIA CHLAMYDOSPORIA, CEPA PC 10"
488,"POCHONIA CHLAMYDOSPORIA, ISOLADO CCT 4077"
437,"PRIESTIA MEGATERIUM, CEPA CCT 1623"
203,"PRIESTIA MEGATERIUM, ISOLADO CCT 7987"
478,PROCIMIDONA
494,"PROEXADIONA CÁLCICA"
304,PROFENOFÓS
145,PROFOXIDIM
369,PROMETRINA
390,PROPANIL
38,PROPAQUIZAFOPE
32,PROPARGITO
20,PROPICONAZOL
106,PROPINEBE
270,"PROTEÍNA HIDROLISADA DE MUCOSA INTESTINA DE SUÍNOS"
78,PROTIOCONAZOL
223,"PSEUDOMONAS CHLORORAPHIS ISOLADO CCTB19"
442,"PSEUDOMONAS FLUORESCENS CCT 8242"
355,"PSEUDOMONAS FLUORESCENS, CEPA CCT 7393"
201,"PSEUDOMONAS FLUORESCENS, CEPA CCT 7997"
232,"PSEUDOMONAS GLYCINIS, CEPA SYM34326"
231,"PSEUDOMONAS ORYZIHABITANS, CEPA SYM23945"
405,"PUPA ESTÉRIL DE MACHO DE CERATITIS CAPITATA LINHAGEM TSL"
229,"PURPUREOCILLIUM LILACINUM"
196,"PURPUREOCILLIUM LILACINUM CCT 8029"
475,"PURPUREOCILLIUM LILACINUM CEPA CBMAI 2833"
467,"PURPUREOCILLIUM LILACINUM ISOLADO PUR 1709"
513,"PURPUREOCILLIUM LILACINUM, ISOLADO BV05"
340,QUINCLORAQUE
22,QUIZALOFOPE-P-ETÍLICO
477,QUIZALOFOPE-P-TEFURÍLICO
508,"REYNOUTRIA SACHALINENSIS, EXTRATO DE RAÍZ E CAULE"
486,"RHEUM PALMATUM L., EXTRATO DE"
502,RINCOFOROL
42,S-METOLACLORO
387,SAFLUFENACIL
202,SERRICORNIM
556,"SILICATO DE ALUMÍNIO ANIDRO"
533,SIMAZINA
435,"SOPHORA FLAVESCENS, EXTRATO DE SEMENTES"
297,SORDIDIM
169,"SPODOPTERA FRUGIPERDA MULTIPLE NUCLEOPOLYHEDROVIRUS"
543,"SPODOPTERA LITTORALIS NUCLEOPOLYHEDROVIRUS"
2,"STEINERNEMA CARPOCAPSAE"
332,"STRATIOLAELAPS SCIMITUS"
425,"STREPTOMYCES GRISEOVIRIDIS IBSBF 3418"
550,"SULFATO DE COBRE"
84,SULFENTRAZONA
356,SULFLURAMIDA
305,SULFOMETUROM-METÍLICO
285,SULFOXAFLOR
482,"SWINGLEA GLUTINOSA"
23,TEBUCONAZOL
448,TEBUFENOZIDA
96,TEBUTIUROM
324,TEFLUBENZUROM
222,TEFRÓSIA
220,"TELENOMUS PODISI&#8203;"
537,TEMBOTRIONA
416,"TEPHROSIA CANDIDA"
298,TERBUFÓS
283,TERBUTILAZINA
404,"TERRA DIATOMÁCEA"
319,TETRACONAZOL
218,"TETRASTICHUS HOWARDI"
438,TIABENDAZOL
257,TIACLOPRIDO
177,TIAFENACIL
46,TIAMETOXAM
440,TIDIAZUROM
499,TIFLUZAMIDA
104,TIODICARBE
258,TIOFANATO-METÍLICO
436,TIRAM
274,TOLFENPYRAD
108,TOLPIRALATE
561,TRIADIMENOL
134,"TRICHODERMA AFROHARZIANUM CEPA TH2RI99"
209,"TRICHODERMA AFROHARZIANUM, LINHAGEM CEN 287"
564,"TRICHODERMA ASPERELLOIDES, ISOLADO ESALQ 1306"
208,"TRICHODERMA ASPERELLÓIDES, ISOLADO ESALQ 2946"
490,"TRICHODERMA ASPERELLUM"
292,"TRICHODERMA ASPERELLUM , ISOLADO T2"
563,"TRICHODERMA ASPERELLUM BVF24"
291,"TRICHODERMA ASPERELLUM, ISOLADO CBMAI 1622*"
426,"TRICHODERMA ASPERELLUM, ISOLADO URM-5911"
138,"TRICHODERMA ATROVIRIDE, ESTIRPE 77B"
424,"TRICHODERMA ENDOPHYTICUM ISOLADO IBCB 56/12"
230,"TRICHODERMA HAMATUM, CEPA SYM37537"
187,"TRICHODERMA HARZIANUM"
157,"TRICHODERMA HARZIANUM IB 19/17"
308,"TRICHODERMA HARZIANUM, CEPA 1306"
233,"TRICHODERMA HARZIANUM, CEPA BRM 29600"
547,"TRICHODERMA HARZIANUM, CEPA CBMAI 2357"
546,"TRICHODERMA HARZIANUM, CEPA CCT 7589"
14,"TRICHODERMA HARZIANUM, ISOLADO IB 19/17"
385,"TRICHODERMA HARZIANUM, ISOLADO IB19/17"
153,"TRICHODERMA HARZIANUM, ISOLADO IBLF006*"
125,"TRICHODERMA HARZIANUM, ISOLADO IBLF1278"
565,"TRICHODERMA KONINGIOPSIS CEPA CCT 2142"
566,"TRICHODERMA REESEI, CEPA CCT 2768"
567,"TRICHODERMA STROMATICUM, ISOLADO CEPLAC"
216,"TRICHOGRAMMA GALLOI"
221,"TRICHOGRAMMA PRETIOSUM"
214,"TRICHOSPILUS DIATRAEAE"
188,TRICICLAZOL
116,TRICLOPIR-BUTOTÍLICO
49,TRIFLOXISSULFUROM-SÓDICO
353,TRIFLOXISTROBINA
568,TRIFLUMIZOL
272,TRIFLUMUROM
126,TRIFLURALINA
205,TRIMEDLURE
279,TRINEXAPAQUE-ETÍLICO
491,TRITICONAZOL
123,VPN-HZSNPV
363,ZETA-CIPERMETRINA
589,ZOXAMIDA
